"gameID","gameName","genre","price","description","imageURL"
"game0001","Wii Sports","Sports",32.99,"Platform: Wii;  Publisher: Nintendo",""
"game0002","Finding Nemo","Action",48.99,"Platform: GBA;  Publisher: THQ",""
"game0003","Mario Kart Wii","Racing",49.99,"Platform: Wii;  Publisher: Nintendo",""
"game0004","Wii Sports Resort","Sports",34.99,"Platform: Wii;  Publisher: Nintendo",""
"game0005","Pokemon Red/Pokemon Blue","Role-Playing",22.99,"Platform: GB;  Publisher: Nintendo",""
"game0006","Genshin Impact","Adventure",49.99,"Platform: GB;  Publisher: HoYoverse",""
"game0007","New Super Mario Bros.","Platform",29.99,"Platform: DS;  Publisher: Nintendo",""
"game0008","Wii Play","Misc",43.99,"Platform: Wii;  Publisher: Nintendo",""
"game0009","New Super Mario Bros. Wii","Platform",47.99,"Platform: Wii;  Publisher: Nintendo",""
"game0010","Duck Hunt","Shooter",37.99,"Platform: NES;  Publisher: Nintendo",""
"game0011","Nintendogs","Simulation",20.99,"Platform: DS;  Publisher: Nintendo",""
"game0012","Mario Kart DS","Racing",33.99,"Platform: DS;  Publisher: Nintendo",""
"game0013","Pokemon Gold/Pokemon Silver","Role-Playing",26.99,"Platform: GB;  Publisher: Nintendo",""
"game0014","Wii Fit","Sports",49.99,"Platform: Wii;  Publisher: Nintendo",""
"game0015","Wii Fit Plus","Sports",35.99,"Platform: Wii;  Publisher: Nintendo",""
"game0016","Kinect Adventures!","Misc",30.99,"Platform: X360;  Publisher: Microsoft Game Studios",""
"game0017","Roblox","Misc",34.99,"Platform: Multi;  Publisher: Valve Corporation",""
"game0018","Grand Theft Auto: San Andreas","Action",29.99,"Platform: PS2;  Publisher: Take-Two Interactive",""
"game0019","Counter-Strike","Shooter",34.99,"Platform: Multi;  Publisher: Roblox Corporation",""
"game0020","Brain Age: Train Your Brain in Minutes a Day","Misc",40.99,"Platform: DS;  Publisher: Nintendo",""
"game0021","Pokemon Diamond/Pokemon Pearl","Role-Playing",47.99,"Platform: DS;  Publisher: Nintendo",""
"game0022","Super Mario Land","Platform",23.99,"Platform: GB;  Publisher: Nintendo",""
"game0023","Dota 2","Shooter",24.99,"Platform: Multi;  Publisher: Valve Corporation",""
"game0024","Destiny 2","Shooter",23.99,"Platform: Multi;  Publisher: Bungie",""
"game0025","Grand Theft Auto: Vice City","Action",27.99,"Platform: PS2;  Publisher: Take-Two Interactive",""
"game0026","Pokemon Ruby/Pokemon Sapphire","Role-Playing",29.99,"Platform: GBA;  Publisher: Nintendo",""
"game0027","Pokemon Black/Pokemon White","Role-Playing",47.99,"Platform: DS;  Publisher: Nintendo",""
"game0028","Brain Age 2: More Training in Minutes a Day","Puzzle",27.99,"Platform: DS;  Publisher: Nintendo",""
"game0029","Gran Turismo 3: A-Spec","Racing",15.99,"Platform: PS2;  Publisher: Sony Computer Entertainment",""
"game0030","Halo","Shooter",24.99,"Platform: Multi;  Publisher: Xbox",""
"game0031","Pokemon Yellow: Special Pikachu Edition","Role-Playing",50.99,"Platform: GB;  Publisher: Nintendo",""
"game0032","Battlefield","Shooter",49.99,"Platform: Multi;  Publisher: EA",""
"game0033","Pokemon X/Pokemon Y","Role-Playing",27.99,"Platform: 3DS;  Publisher: Nintendo",""
"game0034","Call of Duty: Black Ops 3","Shooter",42.99,"Platform: PS4;  Publisher: Activision",""
"game0035","Call of Duty: Black Ops II","Shooter",41.99,"Platform: PS3;  Publisher: Activision",""
"game0036","Rocket League","Sports",17.99,"Platform: Multi;  Publisher: Epic Games",""
"game0037","Call of Duty: Modern Warfare 2","Shooter",47.99,"Platform: X360;  Publisher: Activision",""
"game0038","Call of Duty: Modern Warfare 3","Shooter",33.99,"Platform: X360;  Publisher: Activision",""
"game0039","Grand Theft Auto III","Action",40.99,"Platform: PS2;  Publisher: Take-Two Interactive",""
"game0040","Super Smash Bros. Brawl","Fighting",35.99,"Platform: Wii;  Publisher: Nintendo",""
"game0041","Call of Duty: Black Ops","Shooter",49.99,"Platform: X360;  Publisher: Activision",""
"game0042","Animal Crossing: Wild World","Simulation",22.99,"Platform: DS;  Publisher: Nintendo",""
"game0043","Mario Kart 7","Racing",18.99,"Platform: 3DS;  Publisher: Nintendo",""
"game0044","Halo 3","Shooter",31.99,"Platform: X360;  Publisher: Microsoft Game Studios",""
"game0045","Grand Theft Auto V","Action",46.99,"Platform: PS3;  Publisher: Take-Two Interactive",""
"game0046","Pokemon HeartGold/Pokemon SoulSilver","Action",20.99,"Platform: DS;  Publisher: Nintendo",""
"game0047","Super Mario 64","Platform",31.99,"Platform: N64;  Publisher: Nintendo",""
"game0048","Gran Turismo 4","Racing",31.99,"Platform: PS2;  Publisher: Sony Computer Entertainment",""
"game0049","Super Mario Galaxy","Platform",34.99,"Platform: Wii;  Publisher: Nintendo",""
"game0050","Pokemon Omega Ruby/Pokemon Alpha Sapphire","Role-Playing",28.99,"Platform: 3DS;  Publisher: Nintendo",""
"game0051","Super Mario Land 2: 6 Golden Coins","Adventure",41.99,"Platform: GB;  Publisher: Nintendo",""
"game0052","Super Mario Bros.: The Lost Levels","Platform",16.99,"Platform: NES;  Publisher: Nintendo",""
"game0053","Gran Turismo","Racing",25.99,"Platform: PS;  Publisher: Sony Computer Entertainment",""
"game0054","Super Mario 3D Land","Platform",22.99,"Platform: 3DS;  Publisher: Nintendo",""
"game0055","Gran Turismo 5","Racing",33.99,"Platform: PS3;  Publisher: Sony Computer Entertainment",""
"game0056","Medal of Honor Heroes","Shooter",42.99,"Platform: PSP;  Publisher: Electronic Arts",""
"game0057","Grand Theft Auto IV","Action",42.99,"Platform: X360;  Publisher: Take-Two Interactive",""
"game0058","Super Mario All-Stars","Platform",37.99,"Platform: SNES;  Publisher: Nintendo",""
"game0059","Pokemon FireRed/Pokemon LeafGreen","Role-Playing",28.99,"Platform: GBA;  Publisher: Nintendo",""
"game0060","Skylanders Giants","Action",50.99,"Platform: Wii;  Publisher: Activision",""
"game0061","Just Dance 3","Misc",25.99,"Platform: Wii;  Publisher: Ubisoft",""
"game0062","Call of Duty: Ghosts","Shooter",42.99,"Platform: X360;  Publisher: Activision",""
"game0063","Halo: Reach","Shooter",39.99,"Platform: X360;  Publisher: Microsoft Game Studios",""
"game0064","Mario Kart 64","Racing",25.99,"Platform: N64;  Publisher: Nintendo",""
"game0065","New Super Mario Bros. 2","Platform",38.99,"Platform: 3DS;  Publisher: Nintendo",""
"game0066","Halo 4","Shooter",44.99,"Platform: X360;  Publisher: Microsoft Game Studios",""
"game0067","Final Fantasy VII","Role-Playing",16.99,"Platform: PS;  Publisher: Sony Computer Entertainment",""
"game0068","Tom Clancy's Splinter Cell","Action",29.99,"Platform: XB;  Publisher: Ubisoft",""
"game0069","Just Dance 2","Misc",44.99,"Platform: Wii;  Publisher: Ubisoft",""
"game0070","Gran Turismo 2","Racing",50.99,"Platform: PS;  Publisher: Sony Computer Entertainment",""
"game0071","Call of Duty 4: Modern Warfare","Shooter",44.99,"Platform: X360;  Publisher: Activision",""
"game0072","Donkey Kong Country","Platform",46.99,"Platform: SNES;  Publisher: Nintendo",""
"game0073","Minecraft","Misc",26.99,"Platform: X360;  Publisher: Microsoft Game Studios",""
"game0074","Animal Crossing: New Leaf","Simulation",33.99,"Platform: 3DS;  Publisher: Nintendo",""
"game0075","Mario Party DS","Misc",40.99,"Platform: DS;  Publisher: Nintendo",""
"game0076","The Elder Scrolls V: Skyrim","Role-Playing",28.99,"Platform: X360;  Publisher: Bethesda Softworks",""
"game0077","Super Mario Kart","Racing",37.99,"Platform: SNES;  Publisher: Nintendo",""
"game0078","FIFA 16","Sports",44.99,"Platform: PS4;  Publisher: Electronic Arts",""
"game0079","Wii Party","Misc",26.99,"Platform: Wii;  Publisher: Nintendo",""
"game0080","Halo 2","Shooter",36.99,"Platform: XB;  Publisher: Microsoft Game Studios",""
"game0081","Mario Party 8","Misc",22.99,"Platform: Wii;  Publisher: Nintendo",""
"game0082","Pokemon Black 2/Pokemon White 2","Role-Playing",41.99,"Platform: DS;  Publisher: Nintendo",""
"game0083","FIFA Soccer 13","Action",15.99,"Platform: PS3;  Publisher: Electronic Arts",""
"game0084","The Sims 3","Simulation",38.99,"Platform: PC;  Publisher: Electronic Arts",""
"game0085","GoldenEye 007","Shooter",31.99,"Platform: N64;  Publisher: Nintendo",""
"game0086","Mario & Sonic at the Olympic Games","Sports",20.99,"Platform: Wii;  Publisher: Sega",""
"game0087","Final Fantasy X","Role-Playing",30.99,"Platform: PS2;  Publisher: Sony Computer Entertainment",""
"game0088","Final Fantasy VIII","Role-Playing",21.99,"Platform: PS;  Publisher: SquareSoft",""
"game0089","Pokemon Platinum Version","Role-Playing",18.99,"Platform: DS;  Publisher: Nintendo",""
"game0090","Pac-Man","Puzzle",27.99,"Platform: 2600;  Publisher: Atari",""
"game0091","Grand Theft Auto: Liberty City Stories","Action",39.99,"Platform: PSP;  Publisher: Take-Two Interactive",""
"game0092","Super Mario Galaxy 2","Platform",36.99,"Platform: Wii;  Publisher: Nintendo",""
"game0093","Star Wars Battlefront (2015)","Shooter",29.99,"Platform: PS4;  Publisher: Electronic Arts",""
"game0094","Call of Duty: Advanced Warfare","Shooter",23.99,"Platform: PS4;  Publisher: Activision",""
"game0095","The Legend of Zelda: Ocarina of Time","Action",21.99,"Platform: N64;  Publisher: Nintendo",""
"game0096","Crash Bandicoot 2: Cortex Strikes Back","Platform",29.99,"Platform: PS;  Publisher: Sony Computer Entertainment",""
"game0097","Super Mario Bros. 2","Platform",31.99,"Platform: NES;  Publisher: Nintendo",""
"game0098","Super Smash Bros. for Wii U and 3DS","Fighting",25.99,"Platform: 3DS;  Publisher: Nintendo",""
"game0099","Call of Duty: World at War","Shooter",43.99,"Platform: X360;  Publisher: Activision",""
"game0100","Fable","Role-Playing",19.99,"Platform: XB;  Publisher: Microsoft Game Studios",""
"game0101","The Legend of Zelda: Twilight Princess","Action",18.99,"Platform: Wii;  Publisher: Nintendo",""
"game0102","Hannah Montana","Action",41.99,"Platform: DS;  Publisher: Disney Interactive Studios",""
"game0103","Just Dance","Misc",43.99,"Platform: Wii;  Publisher: Ubisoft",""
"game0104","Battlefield 3","Shooter",30.99,"Platform: X360;  Publisher: Electronic Arts",""
"game0105","Need for Speed Underground","Racing",24.99,"Platform: PS2;  Publisher: Electronic Arts",""
"game0106","Tekken 3","Fighting",18.99,"Platform: PS;  Publisher: Sony Computer Entertainment",""
"game0107","Crash Bandicoot 3: Warped","Platform",18.99,"Platform: PS;  Publisher: Sony Computer Entertainment",""
"game0108","Super Smash Bros. Melee","Fighting",44.99,"Platform: GC;  Publisher: Nintendo",""
"game0109","Mario Kart 8","Racing",25.99,"Platform: WiiU;  Publisher: Nintendo",""
"game0110","Fallout 4","Role-Playing",17.99,"Platform: PS4;  Publisher: Bethesda Softworks",""
"game0111","Mario Kart: Double Dash!!","Racing",29.99,"Platform: GC;  Publisher: Nintendo",""
"game0112","Just Dance 4","Misc",33.99,"Platform: Wii;  Publisher: Ubisoft",""
"game0113","FIFA 14","Sports",20.99,"Platform: PS3;  Publisher: Electronic Arts",""
"game0114","Need for Speed Underground 2","Racing",46.99,"Platform: PS2;  Publisher: Electronic Arts",""
"game0115","Medal of Honor: Frontline","Shooter",23.99,"Platform: PS2;  Publisher: Electronic Arts",""
"game0116","Uncharted 3: Drake's Deception","Action",18.99,"Platform: PS3;  Publisher: Sony Computer Entertainment",""
"game0117","Crash Bandicoot","Platform",39.99,"Platform: PS;  Publisher: Sony Computer Entertainment",""
"game0118","Zumba Fitness","Sports",37.99,"Platform: Wii;  Publisher: 505 Games",""
"game0119","Gears of War 2","Shooter",23.99,"Platform: X360;  Publisher: Microsoft Game Studios",""
"game0120","Uncharted 2: Among Thieves","Action",37.99,"Platform: PS3;  Publisher: Sony Computer Entertainment",""
"game0121","Mortal Kombat","Fighting",41.99,"Platform: PS3;  Publisher: Warner Bros. Interactive Entertainment",""
"game0122","Overwatch","Shooter",41.99,"Platform: Multi;  Publisher: Blizzard",""
"game0123","Big Brain Academy","Misc",20.99,"Platform: DS;  Publisher: Nintendo",""
"game0124","Call Of Duty 2: Big Red One","Shooter",49.99,"Platform: PS2;  Publisher: Activision",""
"game0125","FIFA 15","Sports",24.99,"Platform: PS4;  Publisher: Electronic Arts",""
"game0126","Donkey Kong Country Returns","Platform",43.99,"Platform: Wii;  Publisher: Nintendo",""
"game0127","Guitar Hero: World Tour","Misc",16.99,"Platform: Wii;  Publisher: Activision",""
"game0128","The Legend of Zelda","Action",22.99,"Platform: NES;  Publisher: Nintendo",""
"game0129","Assassin's Creed III","Action",42.99,"Platform: PS3;  Publisher: Ubisoft",""
"game0130","Halo: Combat Evolved","Shooter",40.99,"Platform: XB;  Publisher: Microsoft Game Studios",""
"game0131","Pokemon Emerald Version","Role-Playing",39.99,"Platform: GBA;  Publisher: Nintendo",""
"game0132","Kingdom Hearts","Role-Playing",19.99,"Platform: PS2;  Publisher: Sony Computer Entertainment",""
"game0133","Pokemon Crystal Version","Role-Playing",31.99,"Platform: GB;  Publisher: Nintendo",""
"game0134","Halo 3: ODST","Shooter",20.99,"Platform: X360;  Publisher: Microsoft Game Studios",""
"game0135","Red Dead Redemption","Action",43.99,"Platform: PS3;  Publisher: Take-Two Interactive",""
"game0136","Super Mario Sunshine","Platform",29.99,"Platform: GC;  Publisher: Nintendo",""
"game0137","Street Fighter II: The World Warrior","Fighting",33.99,"Platform: SNES;  Publisher: Capcom",""
"game0138","World of Warcraft","Role-Playing",20.99,"Platform: PC;  Publisher: Activision",""
"game0139","Driver","Action",46.99,"Platform: PS;  Publisher: GT Interactive",""
"game0140","Kinect Sports","Sports",34.99,"Platform: X360;  Publisher: Microsoft Game Studios",""
"game0141","Gears of War 3","Shooter",19.99,"Platform: X360;  Publisher: Microsoft Game Studios",""
"game0142","Gears of War","Shooter",46.99,"Platform: X360;  Publisher: Microsoft Game Studios",""
"game0143","Metal Gear Solid 2: Sons of Liberty","Action",20.99,"Platform: PS2;  Publisher: Konami Digital Entertainment",""
"game0144","Sonic the Hedgehog 2","Platform",33.99,"Platform: GEN;  Publisher: Sega",""
"game0145","Metal Gear Solid 4: Guns of the Patriots","Action",22.99,"Platform: PS3;  Publisher: Konami Digital Entertainment",""
"game0146","Metal Gear Solid","Action",43.99,"Platform: PS;  Publisher: Konami Digital Entertainment",""
"game0147","The Last of Us","Action",41.99,"Platform: PS3;  Publisher: Sony Computer Entertainment Europe",""
"game0148","Final Fantasy XII","Role-Playing",39.99,"Platform: PS2;  Publisher: Square Enix",""
"game0149","LittleBigPlanet","Platform",37.99,"Platform: PS3;  Publisher: Sony Computer Entertainment",""
"game0150","Dragon Quest IX: Sentinels of the Starry Skies","Role-Playing",40.99,"Platform: DS;  Publisher: Nintendo",""
"game0151","LEGO Star Wars: The Complete Saga","Action",49.99,"Platform: Wii;  Publisher: LucasArts",""
"game0152","Resident Evil 2","Action",46.99,"Platform: PS;  Publisher: Virgin Interactive",""
"game0153","Tekken 2","Fighting",46.99,"Platform: PS;  Publisher: Sony Computer Entertainment",""
"game0154","Cooking Mama","Simulation",36.99,"Platform: DS;  Publisher: 505 Games",""
"game0155","Destiny","Shooter",44.99,"Platform: PS4;  Publisher: Activision",""
"game0156","Tetris","Puzzle",39.99,"Platform: GB;  Publisher: Nintendo",""
"game0157","Skate 3","Sports",30.99,"Platform: X360;  Publisher: Electronic Arts",""
"game0158","Super Smash Bros.","Fighting",39.99,"Platform: N64;  Publisher: Nintendo",""
"game0159","Assassin's Creed","Adventure",42.99,"Platform: X360;  Publisher: Ubisoft",""
"game0160","Batman: Arkham City","Action",39.99,"Platform: PS3;  Publisher: Warner Bros. Interactive Entertainment",""
"game0161","Forza Motorsport 3","Racing",18.99,"Platform: X360;  Publisher: Microsoft Game Studios",""
"game0162","Monster Hunter Freedom Unite","Role-Playing",45.99,"Platform: PSP;  Publisher: Capcom",""
"game0163","Super Mario Advance","Platform",49.99,"Platform: GBA;  Publisher: Nintendo",""
"game0164","Mario Kart: Super Circuit","Racing",20.99,"Platform: GBA;  Publisher: Nintendo",""
"game0165","Super Mario World","Platform",38.99,"Platform: SNES;  Publisher: Nintendo",""
"game0166","Pokemon Stadium","Strategy",43.99,"Platform: N64;  Publisher: Nintendo",""
"game0167","Burnout 3: Takedown","Racing",32.99,"Platform: PS2;  Publisher: Electronic Arts",""
"game0168","Crash Bandicoot: The Wrath of Cortex","Platform",28.99,"Platform: PS2;  Publisher: Universal Interactive",""
"game0169","Yokai Watch 2 Shinuchi","Role-Playing",50.99,"Platform: 3DS;  Publisher: Level 5",""
"game0170","Final Fantasy XIII","Role-Playing",30.99,"Platform: PS3;  Publisher: Square Enix",""
"game0171","Dr. Mario","Puzzle",20.99,"Platform: GB;  Publisher: Nintendo",""
"game0172","Pokemon Pinball","Misc",40.99,"Platform: GB;  Publisher: Nintendo",""
"game0173","Need for Speed: Shift","Racing",18.99,"Platform: PS3;  Publisher: Electronic Arts",""
"game0174","Final Fantasy IX","Role-Playing",37.99,"Platform: PS;  Publisher: SquareSoft",""
"game0175","Final Fantasy X-2","Role-Playing",49.99,"Platform: PS2;  Publisher: Electronic Arts",""
"game0176","Donkey Kong 64","Platform",30.99,"Platform: N64;  Publisher: Nintendo",""
"game0177","Assassin's Creed II","Action",37.99,"Platform: PS3;  Publisher: Ubisoft",""
"game0178","Professor Layton and the Curious Village","Puzzle",31.99,"Platform: DS;  Publisher: Nintendo",""
"game0179","Tomb Raider II","Action",47.99,"Platform: PS;  Publisher: Eidos Interactive",""
"game0180","Madden NFL 2004","Sports",47.99,"Platform: PS2;  Publisher: Electronic Arts",""
"game0181","Dragon Quest VIII: Journey of the Cursed King","Role-Playing",44.99,"Platform: PS2;  Publisher: Square Enix",""
"game0182","Diablo III","Role-Playing",21.99,"Platform: PC;  Publisher: Activision",""
"game0183","Super Mario Bros. 3","Platform",43.99,"Platform: NES;  Publisher: Nintendo",""
"game0184","New Super Mario Bros. U","Platform",40.99,"Platform: WiiU;  Publisher: Nintendo",""
"game0185","Super Mario Land 3: Wario Land","Platform",37.99,"Platform: GB;  Publisher: Nintendo",""
"game0186","Final Fantasy XIII-2","Role-Playing",30.99,"Platform: PS3;  Publisher: Square Enix",""
"game0187","The Legend of Zelda: Phantom Hourglass","Action",32.99,"Platform: DS;  Publisher: Nintendo",""
"game0188","Donkey Kong Country 2: Diddy's Kong Quest","Platform",36.99,"Platform: SNES;  Publisher: Nintendo",""
"game0189","Tomodachi Life","Simulation",15.99,"Platform: 3DS;  Publisher: Nintendo",""
"game0190","Mario vs. Donkey Kong: Mini-Land Mayhem!","Puzzle",38.99,"Platform: DS;  Publisher: Nintendo",""
"game0191","Medal of Honor: Rising Sun","Shooter",38.99,"Platform: PS2;  Publisher: Electronic Arts",""
"game0192","Kirby's Dream Land","Platform",27.99,"Platform: GB;  Publisher: Nintendo",""
"game0193","Fable III","Role-Playing",40.99,"Platform: X360;  Publisher: Microsoft Game Studios",""
"game0194","Madden NFL 11","Sports",38.99,"Platform: X360;  Publisher: Electronic Arts",""
"game0195","Microsoft Flight Simulator","Simulation",41.99,"Platform: PC;  Publisher: Microsoft Game Studios",""
"game0196","Guitar Hero II","Misc",17.99,"Platform: PS2;  Publisher: RedOctane",""
"game0197","Resident Evil 5","Action",50.99,"Platform: PS3;  Publisher: Capcom",""
"game0198","LEGO Star Wars II: The Original Trilogy","Action",37.99,"Platform: PS2;  Publisher: LucasArts",""
"game0199","Grand Theft Auto: Vice City Stories","Action",26.99,"Platform: PSP;  Publisher: Take-Two Interactive",""
"game0200","FIFA Soccer 11","Sports",24.99,"Platform: PS3;  Publisher: Electronic Arts",""
"game0201","Super Mario Bros.","Platform",33.99,"Platform: NES;  Publisher: Nintendo",""
"game0202","Resident Evil","Action",38.99,"Platform: PS;  Publisher: Virgin Interactive",""
"game0203","Tony Hawk's Pro Skater","Sports",45.99,"Platform: PS;  Publisher: Activision",""
"game0204","Madden NFL 12","Sports",22.99,"Platform: X360;  Publisher: Electronic Arts",""
"game0205","Warzone 2100","Strategy",41.99,"Platform: PS;  Publisher: Eidos Interactive",""
"game0206","Spyro the Dragon","Platform",31.99,"Platform: PS;  Publisher: Sony Computer Entertainment",""
"game0207","Link's Crossbow Training","Shooter",18.99,"Platform: Wii;  Publisher: Nintendo",""
"game0208","Guitar Hero III: Legends of Rock","Misc",42.99,"Platform: PS2;  Publisher: Activision",""
"game0209","Fallout 3","Role-Playing",47.99,"Platform: X360;  Publisher: Bethesda Softworks",""
"game0210","Pokemon Mystery Dungeon: Explorers of Time/Explorers of Darkness","Role-Playing",32.99,"Platform: DS;  Publisher: Nintendo",""
"game0211","Uncharted: Drake's Fortune","Action",45.99,"Platform: PS3;  Publisher: Sony Computer Entertainment",""
"game0212","Madden NFL 06","Sports",49.99,"Platform: PS2;  Publisher: Electronic Arts",""
"game0213","Mario Party","Misc",17.99,"Platform: N64;  Publisher: Nintendo",""
"game0214","Diddy Kong Racing","Racing",26.99,"Platform: N64;  Publisher: Nintendo",""
"game0215","Monster Hunter Freedom 3","Role-Playing",26.99,"Platform: PSP;  Publisher: Capcom",""
"game0216","Mortal Kombat X","Fighting",48.99,"Platform: PS4;  Publisher: Warner Bros. Interactive Entertainment",""
"game0217","God of War III","Action",39.99,"Platform: PS3;  Publisher: Sony Computer Entertainment",""
"game0218","StarCraft II: Wings of Liberty","Strategy",20.99,"Platform: PC;  Publisher: Activision",""
"game0219","Onimusha: Warlords","Action",42.99,"Platform: PS2;  Publisher: Virgin Interactive",""
"game0220","The Legend of Zelda: A Link to the Past","Action",34.99,"Platform: SNES;  Publisher: Nintendo",""
"game0221","Crash Team Racing","Racing",41.99,"Platform: PS;  Publisher: Sony Computer Entertainment",""
"game0222","FIFA 17","Sports",46.99,"Platform: PS4;  Publisher: Electronic Arts",""
"game0223","Assassin's Creed: Brotherhood","Action",41.99,"Platform: X360;  Publisher: Ubisoft",""
"game0224","Driver 2","Action",36.99,"Platform: PS;  Publisher: Atari",""
"game0225","The Simpsons: Hit & Run","Racing",27.99,"Platform: PS2;  Publisher: Vivendi Games",""
"game0226","Tony Hawk's Pro Skater 2","Sports",16.99,"Platform: PS;  Publisher: Activision",""
"game0227","Animal Crossing: City Folk","Simulation",45.99,"Platform: Wii;  Publisher: Nintendo",""
"game0228","The Lord of the Rings: The Two Towers","Action",28.99,"Platform: PS2;  Publisher: Electronic Arts",""
"game0229","Forza Motorsport 4","Racing",31.99,"Platform: X360;  Publisher: Microsoft Game Studios",""
"game0230","Tomb Raider","Action",17.99,"Platform: PS;  Publisher: Eidos Interactive",""
"game0231","Pokemon Stadium 2","Strategy",38.99,"Platform: N64;  Publisher: Nintendo",""
"game0232","Assassin's Creed IV: Black Flag","Action",25.99,"Platform: PS3;  Publisher: Ubisoft",""
"game0233","The Legend of Zelda: The Wind Waker","Action",15.99,"Platform: GC;  Publisher: Nintendo",""
"game0234","Mario & Sonic at the Olympic Winter Games","Sports",22.99,"Platform: Wii;  Publisher: Sega",""
"game0235","Luigi's Mansion: Dark Moon","Action",49.99,"Platform: 3DS;  Publisher: Nintendo",""
"game0236","Apex Legends","Shooter",21.99,"Platform: Multi;  Publisher: EA",""
"game0237","Metroid","Action",22.99,"Platform: NES;  Publisher: Nintendo",""
"game0238","L.A. Noire","Adventure",27.99,"Platform: PS3;  Publisher: Take-Two Interactive",""
"game0239","Madden NFL 2005","Sports",49.99,"Platform: PS2;  Publisher: Electronic Arts",""
"game0240","Pitfall!","Platform",15.99,"Platform: 2600;  Publisher: Activision",""
"game0241","Madden NFL 07","Sports",35.99,"Platform: PS2;  Publisher: Electronic Arts",""
"game0242","Spider-Man: The Movie","Action",32.99,"Platform: PS2;  Publisher: Activision",""
"game0243","Dragon Quest VII: Warriors of Eden","Role-Playing",40.99,"Platform: PS;  Publisher: Enix Corporation",""
"game0244","Uncharted: The Nathan Drake Collection","Action",34.99,"Platform: PS4;  Publisher: Sony Computer Entertainment",""
"game0245","Call of Duty 3","Shooter",25.99,"Platform: X360;  Publisher: Activision",""
"game0246","God of War","Action",44.99,"Platform: PS2;  Publisher: Sony Computer Entertainment",""
"game0247","Nintendo Land","Misc",49.99,"Platform: WiiU;  Publisher: Nintendo",""
"game0248","Michael Jackson: The Experience","Misc",34.99,"Platform: Wii;  Publisher: Ubisoft",""
"game0249","Tony Hawk's Pro Skater 3","Sports",42.99,"Platform: PS2;  Publisher: Activision",""
"game0250","Winning Eleven: Pro Evolution Soccer 2007","Sports",28.99,"Platform: PS2;  Publisher: Konami Digital Entertainment",""
"game0251","The Elder Scrolls IV: Oblivion","Role-Playing",44.99,"Platform: X360;  Publisher: Take-Two Interactive",""
"game0252","Zelda II: The Adventure of Link","Adventure",41.99,"Platform: NES;  Publisher: Nintendo",""
"game0253","Need for Speed: Most Wanted","Racing",16.99,"Platform: PS2;  Publisher: Electronic Arts",""
"game0254","Resistance: Fall of Man","Shooter",37.99,"Platform: PS3;  Publisher: Sony Computer Entertainment",""
"game0255","Sonic the Hedgehog","Platform",38.99,"Platform: GEN;  Publisher: Sega",""
"game0256","Kingdom Hearts II","Role-Playing",21.99,"Platform: PS2;  Publisher: Square Enix",""
"game0257","Sonic and the Secret Rings","Platform",24.99,"Platform: Wii;  Publisher: Sega",""
"game0258","Saints Row: The Third","Action",32.99,"Platform: X360;  Publisher: THQ",""
"game0259","Asteroids","Shooter",22.99,"Platform: 2600;  Publisher: Atari",""
"game0260","Fable II","Role-Playing",43.99,"Platform: X360;  Publisher: Microsoft Game Studios",""
"game0261","Halo 5: Guardians","Shooter",34.99,"Platform: XOne;  Publisher: Microsoft Game Studios",""
"game0262","Super Mario 3D World","Platform",45.99,"Platform: WiiU;  Publisher: Nintendo",""
"game0263","Batman: Arkham Asylum","Action",42.99,"Platform: PS3;  Publisher: Eidos Interactive",""
"game0264","Missile Command","Shooter",22.99,"Platform: 2600;  Publisher: Atari",""
"game0265","Namco Museum","Misc",49.99,"Platform: GBA;  Publisher: Namco Bandai Games",""
"game0266","Metal Gear Solid 3: Snake Eater","Action",33.99,"Platform: PS2;  Publisher: Konami Digital Entertainment",""
"game0267","Daxter","Platform",20.99,"Platform: PSP;  Publisher: Sony Computer Entertainment",""
"game0268","Warcraft II: Tides of Darkness","Strategy",15.99,"Platform: PC;  Publisher: Activision",""
"game0269","Mario Paint","Misc",18.99,"Platform: SNES;  Publisher: Nintendo",""
"game0270","FIFA Soccer 06","Sports",42.99,"Platform: PS2;  Publisher: Electronic Arts",""
"game0271","EyeToy Play","Misc",34.99,"Platform: PS2;  Publisher: Sony Computer Entertainment",""
"game0272","Uncharted 4: A Thief's End","Shooter",37.99,"Platform: PS4;  Publisher: Sony Computer Entertainment",""
"game0273","Gran Turismo 5 Prologue","Racing",41.99,"Platform: PS3;  Publisher: Sony Computer Entertainment",""
"game0274","Assassin's Creed: Revelations","Action",21.99,"Platform: PS3;  Publisher: Ubisoft",""
"game0275","Street Fighter IV","Fighting",45.99,"Platform: PS3;  Publisher: Capcom",""
"game0276","FIFA 12","Sports",35.99,"Platform: PS3;  Publisher: Electronic Arts",""
"game0277","Teenage Mutant Ninja Turtles","Action",16.99,"Platform: NES;  Publisher: Palcom",""
"game0278","Excitebike","Racing",40.99,"Platform: NES;  Publisher: Nintendo",""
"game0279","PUBG","Shooter",33.99,"Platform: Multi;  Publisher: Krafton",""
"game0280","Madden NFL 2003","Sports",17.99,"Platform: PS2;  Publisher: Electronic Arts",""
"game0281","Watch Dogs","Action",34.99,"Platform: PS4;  Publisher: Ubisoft",""
"game0282","Half-Life","Shooter",40.99,"Platform: PC;  Publisher: Vivendi Games",""
"game0283","Super Mario World 2: Yoshi's Island","Platform",39.99,"Platform: SNES;  Publisher: Nintendo",""
"game0284","FIFA Soccer 07","Sports",50.99,"Platform: PS2;  Publisher: Electronic Arts",""
"game0285","The Legend of Zelda: Skyward Sword","Action",26.99,"Platform: Wii;  Publisher: Nintendo",""
"game0286","Street Fighter II Turbo","Fighting",40.99,"Platform: SNES;  Publisher: Capcom",""
"game0287","Carnival Games","Misc",18.99,"Platform: Wii;  Publisher: Take-Two Interactive",""
"game0288","inFAMOUS: Second Son","Action",46.99,"Platform: PS4;  Publisher: Sony Computer Entertainment",""
"game0289","World of Warcraft: The Burning Crusade","Role-Playing",42.99,"Platform: PC;  Publisher: Activision",""
"game0290","Fallout: New Vegas","Role-Playing",32.99,"Platform: X360;  Publisher: Bethesda Softworks",""
"game0291","God of War II","Action",34.99,"Platform: PS2;  Publisher: Sony Computer Entertainment",""
"game0292","Forza Motorsport 2","Racing",33.99,"Platform: X360;  Publisher: Microsoft Game Studios",""
"game0293","World Soccer Winning Eleven 9","Sports",28.99,"Platform: PS2;  Publisher: Konami Digital Entertainment",""
"game0294","Namco Museum Vol.3","Misc",38.99,"Platform: PS;  Publisher: Sony Computer Entertainment",""
"game0295","Tekken Tag Tournament","Fighting",50.99,"Platform: PS2;  Publisher: Namco Bandai Games",""
"game0296","Far Cry 4","Shooter",21.99,"Platform: PS4;  Publisher: Ubisoft",""
"game0297","Star Fox 64","Shooter",43.99,"Platform: N64;  Publisher: Nintendo",""
"game0298","Ratchet & Clank: Going Commando","Platform",50.99,"Platform: PS2;  Publisher: Sony Computer Entertainment",""
"game0299","Golf","Sports",19.99,"Platform: NES;  Publisher: Nintendo",""
"game0300","Tekken 6","Fighting",36.99,"Platform: PS3;  Publisher: Namco Bandai Games",""
"game0301","Professor Layton and the Diabolical Box","Puzzle",23.99,"Platform: DS;  Publisher: Nintendo",""
"game0302","Left 4 Dead 2","Shooter",49.99,"Platform: X360;  Publisher: Electronic Arts",""
"game0303","Namco Museum: 50th Anniversary","Misc",43.99,"Platform: PS2;  Publisher: Namco Bandai Games",""
"game0304","EA Sports Active","Sports",29.99,"Platform: Wii;  Publisher: Electronic Arts",""
"game0305","Assassin's Creed: Unity","Action",19.99,"Platform: PS4;  Publisher: Ubisoft",""
"game0306","Donkey Kong Land","Platform",46.99,"Platform: GB;  Publisher: Nintendo",""
"game0307","Tony Hawk's Underground","Sports",42.99,"Platform: PS2;  Publisher: Activision",""
"game0308","The Sims","Simulation",43.99,"Platform: PS2;  Publisher: Electronic Arts",""
"game0309","Monster Hunter 4 Ultimate","Role-Playing",17.99,"Platform: 3DS;  Publisher: Nintendo",""
"game0310","MotorStorm","Racing",22.99,"Platform: PS3;  Publisher: Sony Computer Entertainment",""
"game0311","Jak II","Platform",43.99,"Platform: PS2;  Publisher: Sony Computer Entertainment",""
"game0312","Tekken 5","Fighting",49.99,"Platform: PS2;  Publisher: Namco Bandai Games",""
"game0313","Dragon Warrior III","Role-Playing",43.99,"Platform: NES;  Publisher: Enix Corporation",""
"game0314","Sports Champions","Sports",32.99,"Platform: PS3;  Publisher: Sony Computer Entertainment",""
"game0315","NBA 2K16","Sports",23.99,"Platform: PS4;  Publisher: Take-Two Interactive",""
"game0316","World Soccer Winning Eleven 8 International","Sports",29.99,"Platform: PS2;  Publisher: Konami Digital Entertainment",""
"game0317","Flash Focus: Vision Training in Minutes a Day","Misc",43.99,"Platform: DS;  Publisher: Nintendo",""
"game0318","Namco Museum Vol.1","Misc",24.99,"Platform: PS;  Publisher: Sony Computer Entertainment",""
"game0319","The Legend of Zelda: Link's Awakening","Action",39.99,"Platform: GB;  Publisher: Nintendo",""
"game0320","Mario & Luigi: Bowser's Inside Story","Role-Playing",29.99,"Platform: DS;  Publisher: Nintendo",""
"game0321","Big Brain Academy: Wii Degree","Misc",50.99,"Platform: Wii;  Publisher: Nintendo",""
"game0322","Nintendogs + cats","Simulation",23.99,"Platform: 3DS;  Publisher: Nintendo",""
"game0323","Batman: Arkham Knight","Action",22.99,"Platform: PS4;  Publisher: Warner Bros. Interactive Entertainment",""
"game0324","Mario & Sonic at the London 2012 Olympic Games","Sports",39.99,"Platform: Wii;  Publisher: Sega",""
"game0325","LEGO Indiana Jones: The Original Adventures","Action",46.99,"Platform: X360;  Publisher: Activision",""
"game0326","Resident Evil Director's Cut","Action",32.99,"Platform: PS;  Publisher: Virgin Interactive",""
"game0327","Ratchet & Clank: Size Matters","Platform",28.99,"Platform: PSP;  Publisher: Sony Computer Entertainment",""
"game0328","Just Dance 2014","Misc",35.99,"Platform: Wii;  Publisher: Ubisoft",""
"game0329","The Sims: Unleashed","Simulation",45.99,"Platform: PC;  Publisher: Electronic Arts",""
"game0330","Super Paper Mario","Platform",37.99,"Platform: Wii;  Publisher: Nintendo",""
"game0331","Harry Potter and the Sorcerer's Stone","Action",40.99,"Platform: PS;  Publisher: Electronic Arts",""
"game0332","The Witcher 3: Wild Hunt","Role-Playing",33.99,"Platform: PS4;  Publisher: Namco Bandai Games",""
"game0333","Resident Evil 3: Nemesis","Action",45.99,"Platform: PS;  Publisher: Eidos Interactive",""
"game0334","Spyro: Year of the Dragon","Platform",41.99,"Platform: PS;  Publisher: Sony Computer Entertainment",""
"game0335","FIFA Soccer 2005","Sports",37.99,"Platform: PS2;  Publisher: Electronic Arts",""
"game0336","Pokemon Trading Card Game","Strategy",24.99,"Platform: GB;  Publisher: Nintendo",""
"game0337","Battlefield 4","Shooter",48.99,"Platform: PS3;  Publisher: Electronic Arts",""
"game0338","MySims","Simulation",33.99,"Platform: DS;  Publisher: Electronic Arts",""
"game0339","Friend Collection","Misc",44.99,"Platform: DS;  Publisher: Nintendo",""
"game0340","Tony Hawk's Pro Skater 4","Sports",30.99,"Platform: PS2;  Publisher: Activision",""
"game0341","Midnight Club 3: DUB Edition","Racing",19.99,"Platform: PSP;  Publisher: Take-Two Interactive",""
"game0342","Banjo-Kazooie","Platform",27.99,"Platform: N64;  Publisher: Nintendo",""
"game0343","SOCOM: U.S. Navy SEALs","Shooter",28.99,"Platform: PS2;  Publisher: Sony Computer Entertainment",""
"game0344","NBA Street","Sports",35.99,"Platform: PS2;  Publisher: Electronic Arts",""
"game0345","Gran Turismo 6","Racing",38.99,"Platform: PS3;  Publisher: Sony Computer Entertainment",""
"game0346","Jak and Daxter: The Precursor Legacy","Platform",24.99,"Platform: PS2;  Publisher: Sony Computer Entertainment",""
"game0347","Pokemon Snap","Simulation",41.99,"Platform: N64;  Publisher: Nintendo",""
"game0348","Professor Layton and the Last Specter","Puzzle",15.99,"Platform: DS;  Publisher: Nintendo",""
"game0349","Pro Evolution Soccer 2008","Sports",37.99,"Platform: PS2;  Publisher: Konami Digital Entertainment",""
"game0350","Monster Hunter Triology","Shooter",37.99,"Platform: Multi;  Publisher: Capcom",""
"game0351","Resident Evil 4","Action",20.99,"Platform: PS2;  Publisher: Capcom",""
"game0352","Tom Clancy's The Division","Shooter",23.99,"Platform: PS4;  Publisher: Ubisoft",""
"game0353","Star Wars: Battlefront","Shooter",30.99,"Platform: PS2;  Publisher: LucasArts",""
"game0354","Doom II: Hell on Earth","Shooter",22.99,"Platform: PC;  Publisher: Virgin Interactive",""
"game0355","The Simpsons: Road Rage","Racing",26.99,"Platform: PS2;  Publisher: Electronic Arts",""
"game0356","Cooking Mama 2: Dinner With Friends","Simulation",17.99,"Platform: DS;  Publisher: 505 Games",""
"game0357","Luigi's Mansion","Action",21.99,"Platform: GC;  Publisher: Nintendo",""
"game0358","Star Wars: Battlefront II","Shooter",41.99,"Platform: PS2;  Publisher: LucasArts",""
"game0359","WWF SmackDown!","Fighting",27.99,"Platform: PS;  Publisher: THQ",""
"game0360","Croc: Legend of the Gobbos","Platform",25.99,"Platform: PS;  Publisher: Fox Interactive",""
"game0361","WWE SmackDown! Here Comes the Pain","Fighting",27.99,"Platform: PS2;  Publisher: THQ",""
"game0362","The Getaway","Action",21.99,"Platform: PS2;  Publisher: Sony Computer Entertainment",""
"game0363","Tomb Raider III: Adventures of Lara Croft","Action",34.99,"Platform: PS;  Publisher: Eidos Interactive",""
"game0364","James Bond 007: Agent Under Fire","Shooter",23.99,"Platform: PS2;  Publisher: Electronic Arts",""
"game0365","LEGO Star Wars: The Video Game","Action",27.99,"Platform: PS2;  Publisher: Eidos Interactive",""
"game0366","Star Wars: The Force Unleashed","Action",22.99,"Platform: X360;  Publisher: LucasArts",""
"game0367","Yoshi's Island DS","Platform",18.99,"Platform: DS;  Publisher: Nintendo",""
"game0368","Rugrats in Paris: The Movie","Action",16.99,"Platform: PS;  Publisher: THQ",""
"game0369","Spyro 2: Ripto's Rage!","Platform",16.99,"Platform: PS;  Publisher: Sony Computer Entertainment",""
"game0370","Left 4 Dead","Shooter",25.99,"Platform: X360;  Publisher: Electronic Arts",""
"game0371","Hot Shots Golf","Sports",29.99,"Platform: PS;  Publisher: Sony Computer Entertainment",""
"game0372","Killzone 3","Shooter",41.99,"Platform: PS3;  Publisher: Sony Computer Entertainment",""
"game0373","Donkey Kong Country 3: Dixie Kong's Double Trouble!","Platform",41.99,"Platform: SNES;  Publisher: Nintendo",""
"game0374","A Bug's Life","Platform",28.99,"Platform: PS;  Publisher: Sony Computer Entertainment",""
"game0375","Kung Fu","Action",49.99,"Platform: NES;  Publisher: Nintendo",""
"game0376","WWF SmackDown! Just Bring It","Fighting",35.99,"Platform: PS2;  Publisher: THQ",""
"game0377","Clubhouse Games","Misc",48.99,"Platform: DS;  Publisher: Nintendo",""
"game0378","FIFA Soccer 2004","Sports",34.99,"Platform: PS2;  Publisher: Electronic Arts",""
"game0379","Dragon Quest V: Tenkuu no Hanayome","Role-Playing",37.99,"Platform: SNES;  Publisher: Enix Corporation",""
"game0380","Battlefield: Bad Company 2","Shooter",32.99,"Platform: X360;  Publisher: Electronic Arts",""
"game0381","Guitar Hero: On Tour","Misc",21.99,"Platform: DS;  Publisher: Activision",""
"game0382","Mortal Kombat Trilogy","Fighting",42.99,"Platform: PS;  Publisher: GT Interactive",""
"game0383","Far Cry 3","Shooter",17.99,"Platform: PS3;  Publisher: Ubisoft",""
"game0384","Monster Hunter 4","Role-Playing",38.99,"Platform: 3DS;  Publisher: Capcom",""
"game0385","Borderlands","Shooter",30.99,"Platform: X360;  Publisher: Take-Two Interactive",""
"game0386","Tekken 4","Fighting",46.99,"Platform: PS2;  Publisher: Namco Bandai Games",""
"game0387","Imagine: Fashion Designer","Simulation",50.99,"Platform: DS;  Publisher: Ubisoft",""
"game0388","LittleBigPlanet 2","Platform",19.99,"Platform: PS3;  Publisher: Sony Computer Entertainment",""
"game0389","Grand Theft Auto 2","Action",44.99,"Platform: PS;  Publisher: Take-Two Interactive",""
"game0390","Final Fantasy III","Role-Playing",32.99,"Platform: SNES;  Publisher: SquareSoft",""
"game0391","Spider-Man 2","Action",40.99,"Platform: PS2;  Publisher: Activision",""
"game0392","F-1 Race","Racing",19.99,"Platform: GB;  Publisher: Nintendo",""
"game0393","FIFA Soccer 2003","Sports",40.99,"Platform: PS2;  Publisher: Electronic Arts",""
"game0394","Crash Bash","Misc",27.99,"Platform: PS;  Publisher: Sony Computer Entertainment",""
"game0395","LEGO Batman: The Videogame","Action",45.99,"Platform: X360;  Publisher: Warner Bros. Interactive Entertainment",""
"game0396","Metal Gear Solid V: The Phantom Pain","Action",17.99,"Platform: PS4;  Publisher: Konami Digital Entertainment",""
"game0397","The Legend of Zelda: Spirit Tracks","Action",34.99,"Platform: DS;  Publisher: Nintendo",""
"game0398","WWF War Zone","Fighting",38.99,"Platform: PS;  Publisher: Acclaim Entertainment",""
"game0399","The Legend of Zelda: Majora's Mask","Action",26.99,"Platform: N64;  Publisher: Nintendo",""
"game0400","Professor Layton and the Unwound Future","Puzzle",49.99,"Platform: DS;  Publisher: Nintendo",""
"game0401","Rugrats: Search For Reptar","Adventure",37.99,"Platform: PS;  Publisher: THQ",""
"game0402","Need for Speed: Hot Pursuit","Racing",22.99,"Platform: PS3;  Publisher: Electronic Arts",""
"game0403","English Training: Have Fun Improving Your Skills!","Misc",17.99,"Platform: DS;  Publisher: Nintendo",""
"game0404","James Bond 007: Nightfire","Shooter",28.99,"Platform: PS2;  Publisher: Electronic Arts",""
"game0405","Ratchet & Clank","Platform",34.99,"Platform: PS2;  Publisher: Sony Computer Entertainment",""
"game0406","Mario Party 9","Misc",26.99,"Platform: Wii;  Publisher: Nintendo",""
"game0407","Star Wars Episode III: Revenge of the Sith","Action",16.99,"Platform: PS2;  Publisher: LucasArts",""
"game0408","Max Payne","Shooter",48.99,"Platform: PS2;  Publisher: Take-Two Interactive",""
"game0409","The Lord of the Rings: The Return of the King","Action",34.99,"Platform: PS2;  Publisher: Electronic Arts",""
"game0410","Assassin's Creed Syndicate","Action",19.99,"Platform: PS4;  Publisher: Ubisoft",""
"game0411","Myst","Adventure",34.99,"Platform: PC;  Publisher: Red Orb",""
"game0412","True Crime: Streets of LA","Action",45.99,"Platform: PS2;  Publisher: Activision",""
"game0413","Wii Music","Misc",39.99,"Platform: Wii;  Publisher: Nintendo",""
"game0414","Gran Turismo (PSP)","Racing",43.99,"Platform: PSP;  Publisher: Sony Computer Entertainment",""
"game0415","Monster Hunter X","Action",42.99,"Platform: 3DS;  Publisher: Capcom",""
"game0416","Tekken","Fighting",38.99,"Platform: PS;  Publisher: Sony Computer Entertainment",""
"game0417","Metroid Prime","Shooter",19.99,"Platform: GC;  Publisher: Nintendo",""
"game0418","WWE SmackDown! vs. Raw","Fighting",39.99,"Platform: PS2;  Publisher: THQ",""
"game0419","Madden NFL 16","Sports",23.99,"Platform: PS4;  Publisher: Electronic Arts",""
"game0420","Yokai Watch 2 Ganso/Honke","Role-Playing",34.99,"Platform: 3DS;  Publisher: Nintendo",""
"game0421","007: Tomorrow Never Dies","Shooter",16.99,"Platform: PS;  Publisher: Electronic Arts",""
"game0422","Baseball","Sports",45.99,"Platform: NES;  Publisher: Nintendo",""
"game0423","Killer Instinct","Fighting",24.99,"Platform: SNES;  Publisher: Nintendo",""
"game0424","WWF SmackDown! 2: Know Your Role","Fighting",29.99,"Platform: PS;  Publisher: THQ",""
"game0425","Crisis Core: Final Fantasy VII","Role-Playing",20.99,"Platform: PSP;  Publisher: Square Enix",""
"game0426","God of War: Chains of Olympus","Action",15.99,"Platform: PSP;  Publisher: Sony Computer Entertainment",""
"game0427","Dragon Quest VI: Maboroshi no Daichi","Role-Playing",27.99,"Platform: SNES;  Publisher: Enix Corporation",""
"game0428","Dance Central","Misc",41.99,"Platform: X360;  Publisher: MTV Games",""
"game0429","Enter the Matrix","Action",45.99,"Platform: PS2;  Publisher: Atari",""
"game0430","Super Mario Maker","Platform",27.99,"Platform: WiiU;  Publisher: Nintendo",""
"game0431","Madden NFL 10","Sports",35.99,"Platform: X360;  Publisher: Electronic Arts",""
"game0432","BioShock","Shooter",49.99,"Platform: X360;  Publisher: Take-Two Interactive",""
"game0433","Rhythm Heaven","Misc",23.99,"Platform: DS;  Publisher: Nintendo",""
"game0434","Ace Combat 04: Shattered Skies","Simulation",37.99,"Platform: PS2;  Publisher: Sony Computer Entertainment Europe",""
"game0435","Club Penguin: Elite Penguin Force","Adventure",43.99,"Platform: DS;  Publisher: Disney Interactive Studios",""
"game0436","Animal Crossing","Simulation",28.99,"Platform: GC;  Publisher: Nintendo",""
"game0437","Skylanders: Spyro's Adventure","Action",47.99,"Platform: Wii;  Publisher: Activision",""
"game0438","Sonic Rush","Platform",20.99,"Platform: DS;  Publisher: Sega",""
"game0439","Resident Evil 6","Shooter",48.99,"Platform: PS3;  Publisher: Capcom",""
"game0440","Halo: The Master Chief Collection","Shooter",33.99,"Platform: XOne;  Publisher: Microsoft Game Studios",""
"game0441","FIFA Soccer 08","Sports",49.99,"Platform: PS2;  Publisher: Electronic Arts",""
"game0442","Spider-Man","Action",28.99,"Platform: PS;  Publisher: Activision",""
"game0443","Need for Speed III: Hot Pursuit","Racing",43.99,"Platform: PS;  Publisher: Electronic Arts",""
"game0444","Star Wars Episode I Racer","Racing",39.99,"Platform: N64;  Publisher: Nintendo",""
"game0445","Personal Trainer: Cooking","Misc",26.99,"Platform: DS;  Publisher: Nintendo",""
"game0446","Command & Conquer: Red Alert","Strategy",17.99,"Platform: PC;  Publisher: Virgin Interactive",""
"game0447","Dragon Warrior IV","Role-Playing",17.99,"Platform: NES;  Publisher: Enix Corporation",""
"game0448","Among Us","Misc",45.99,"Platform: Multi;  Publisher: Innersloth",""
"game0449","Mass Effect 2","Role-Playing",33.99,"Platform: X360;  Publisher: Electronic Arts",""
"game0450","Yoshi's Story","Platform",41.99,"Platform: N64;  Publisher: Nintendo",""
"game0451","Dragon Ball Z: Budokai","Fighting",26.99,"Platform: PS2;  Publisher: Atari",""
"game0452","Madden NFL 2002","Sports",19.99,"Platform: PS2;  Publisher: Electronic Arts",""
"game0453","World Class Track Meet","Sports",18.99,"Platform: NES;  Publisher: Namco Bandai Games",""
"game0454","Borderlands 2","Shooter",29.99,"Platform: X360;  Publisher: Take-Two Interactive",""
"game0455","The Legend of Zelda: A Link Between Worlds","Action",20.99,"Platform: 3DS;  Publisher: Nintendo",""
"game0456","Donkey Kong","Platform",16.99,"Platform: GB;  Publisher: Nintendo",""
"game0457","The Sims: Vacation","Simulation",16.99,"Platform: PC;  Publisher: Electronic Arts",""
"game0458","Mass Effect 3","Role-Playing",43.99,"Platform: X360;  Publisher: Electronic Arts",""
"game0459","Kung Fu Panda","Action",42.99,"Platform: X360;  Publisher: Activision",""
"game0460","F-Zero","Racing",23.99,"Platform: SNES;  Publisher: Nintendo",""
"game0461","Epic Mickey","Platform",38.99,"Platform: Wii;  Publisher: Disney Interactive Studios",""
"game0462","Saints Row 2","Action",15.99,"Platform: X360;  Publisher: THQ",""
"game0463","Rayman","Platform",48.99,"Platform: PS;  Publisher: Ubisoft",""
"game0464","Killzone 2","Shooter",42.99,"Platform: PS3;  Publisher: Sony Computer Entertainment",""
"game0465","The Elder Scrolls III: Morrowind","Role-Playing",40.99,"Platform: XB;  Publisher: Ubisoft",""
"game0466","Mike Tyson's Punch-Out!!","Fighting",27.99,"Platform: NES;  Publisher: Nintendo",""
"game0467","WWE SmackDown! Shut Your Mouth","Sports",45.99,"Platform: PS2;  Publisher: THQ",""
"game0468","Gears of War: Ultimate Edition","Shooter",16.99,"Platform: XOne;  Publisher: Microsoft Game Studios",""
"game0469","NBA 2K13","Sports",43.99,"Platform: X360;  Publisher: Take-Two Interactive",""
"game0470","Dragon Ball Z: Budokai Tenkaichi 3","Fighting",23.99,"Platform: PS2;  Publisher: Atari",""
"game0471","wwe Smackdown vs. Raw 2006","Fighting",38.99,"Platform: PS2;  Publisher: N/A",""
"game0472","Middle-Earth: Shadow of Mordor","Action",35.99,"Platform: PS4;  Publisher: Warner Bros. Interactive Entertainment",""
"game0473","Star Fox","Shooter",40.99,"Platform: SNES;  Publisher: Nintendo",""
"game0474","The Sims: Livin Large","Misc",42.99,"Platform: PC;  Publisher: Electronic Arts",""
"game0475","World Soccer Winning Eleven 6 International","Sports",25.99,"Platform: PS2;  Publisher: Konami Digital Entertainment",""
"game0476","Devil May Cry","Action",39.99,"Platform: PS2;  Publisher: Capcom",""
"game0477","Animal Crossing: Happy Home Designer","Simulation",31.99,"Platform: 3DS;  Publisher: Nintendo",""
"game0478","Madden NFL 13","Sports",23.99,"Platform: X360;  Publisher: Electronic Arts",""
"game0479","The Sims 4","Simulation",27.99,"Platform: PC;  Publisher: Electronic Arts",""
"game0480","Star Wars: The Old Republic","Role-Playing",23.99,"Platform: PC;  Publisher: Electronic Arts",""
"game0481","Sonic Heroes","Platform",39.99,"Platform: PS2;  Publisher: Sega",""
"game0482","Kirby Super Star Ultra","Platform",38.99,"Platform: DS;  Publisher: Nintendo",""
"game0483","Hitman 2: Silent Assassin","Action",41.99,"Platform: PS2;  Publisher: Eidos Interactive",""
"game0484","Colin McRae Rally","Racing",32.99,"Platform: PS;  Publisher: Codemasters",""
"game0485","Wave Race 64","Racing",22.99,"Platform: N64;  Publisher: Nintendo",""
"game0486","SOCOM II: U.S. Navy SEALs","Shooter",30.99,"Platform: PS2;  Publisher: Sony Computer Entertainment",""
"game0487","WWE SmackDown! vs. RAW 2006","Fighting",41.99,"Platform: PS2;  Publisher: THQ",""
"game0488","League of Legends","Adventure",50.99,"Platform: Multi;  Publisher: Riot Games",""
"game0489","Pac-Man Collection","Puzzle",49.99,"Platform: GBA;  Publisher: Atari",""
"game0490","Valorant","Shooter",15.99,"Platform: Multi;  Publisher: Riot Games",""
"game0491","WarioWare: Smooth Moves","Puzzle",38.99,"Platform: Wii;  Publisher: Nintendo",""
"game0492","Cooking Mama: Cook Off","Simulation",41.99,"Platform: Wii;  Publisher: 505 Games",""
"game0493","Imagine: Babyz","Simulation",33.99,"Platform: DS;  Publisher: Ubisoft",""
"game0494","Syphon Filter","Shooter",33.99,"Platform: PS;  Publisher: Sony Computer Entertainment",""
"game0495","Titanfall","Shooter",17.99,"Platform: XOne;  Publisher: Electronic Arts",""
"game0496","Sonic Mega Collection Plus","Misc",16.99,"Platform: PS2;  Publisher: Sega",""
"game0497","Sega Superstars Tennis","Sports",19.99,"Platform: X360;  Publisher: Sega",""
"game0498","World Soccer Winning Eleven 7 International","Sports",15.99,"Platform: PS2;  Publisher: Konami Digital Entertainment",""
"game0499","Zumba Fitness 2","Sports",34.99,"Platform: Wii;  Publisher: Majesco Entertainment",""
"game0500","Fortnite","Shooter",47.99,"Platform: Multi;  Publisher: Epic Games",""
